table,column
ack,ack.ack_entity_type
ack,ack.bit_flags
ack,ack.callback_info.flag1
ack,ack.callback_server_id
ack,ack.cpx_concrete_event_id
ack,ack.creative_rendition_id
ack,ack.data_source
ack,ack.event_category
ack,ack.event_name
ack,ack.event_type
ack,ack.event_value
ack,ack.flags
ack,ack.is_private_impression
ack,ack.kafka_msg_key
ack,ack.metrics.ad_accept_invitation
ack,ack.metrics.ad_bid_won
ack,ack.metrics.ad_close
ack,ack.metrics.ad_collapse
ack,ack.metrics.ad_error
ack,ack.metrics.ad_expand
ack,ack.metrics.ad_impression
ack,ack.metrics.ad_insertion
ack,ack.metrics.ad_minimize
ack,ack.metrics.ad_mute
ack,ack.metrics.ad_pause
ack,ack.metrics.ad_resume
ack,ack.metrics.ad_rewind
ack,ack.metrics.ad_unmute
ack,ack.metrics.avails_event_count
ack,ack.metrics.can_quartile
ack,ack.metrics.click
ack,ack.metrics.complete_quartile
ack,ack.metrics.fire_event_revenue_ratio
ack,ack.metrics.fire_event_slot_revenue_ratio
ack,ack.metrics.first_quartile
ack,ack.metrics.measurable_ad_accept_invitation_minimize_impression
ack,ack.metrics.measurable_ad_close_impression
ack,ack.metrics.measurable_ad_expand_collapse_impression
ack,ack.metrics.measurable_ad_mute_unmute_impression
ack,ack.metrics.measurable_ad_pause_resume_impression
ack,ack.metrics.measurable_ad_rewind_impression
ack,ack.metrics.middle_quartile
ack,ack.metrics.no_ad_impression
ack,ack.metrics.no_click
ack,ack.metrics.raw_ad_impression
ack,ack.metrics.slot_impression
ack,ack.metrics.third_quartile
ack,ack.metrics.video_view
ack,ack.multiplier
ack,ack.psn_msg
ack,ack.timestamp
ack,ack.traffic_type
ack,ack.win_notice_error
ack,ads_in_slot.advertisement.ad_id
ack,ads_in_slot.advertisement.ad_unit_id
ack,ads_in_slot.advertisement.advertiser_id
ack,ads_in_slot.advertisement.bit_flags
ack,ads_in_slot.advertisement.campaign_id
ack,ads_in_slot.advertisement.creative_id
ack,ads_in_slot.advertisement.duration
ack,ads_in_slot.advertisement.error
ack,ads_in_slot.advertisement.flags
ack,ads_in_slot.advertisement.global_advertiser_ids
ack,ads_in_slot.advertisement.global_brand_ids
ack,ads_in_slot.advertisement.global_industry_ids
ack,ads_in_slot.advertisement.io_id
ack,ads_in_slot.advertisement.is_bumper
ack,ads_in_slot.advertisement.is_embedded_tracking
ack,ads_in_slot.advertisement.is_fallback
ack,ads_in_slot.advertisement.is_sstf_fallback
ack,ads_in_slot.advertisement.is_undeliverable
ack,ads_in_slot.advertisement.market_ad_id
ack,ads_in_slot.advertisement.matched_audience_item_ids
ack,ads_in_slot.advertisement.placement_id
ack,ads_in_slot.advertisement.rendition_id
ack,ads_in_slot.auction.device_type
ack,ads_in_slot.auction.dsp_id
ack,ads_in_slot.auction.flags
ack,ads_in_slot.auction.integration_type
ack,ads_in_slot.auction.site_id
ack,ads_in_slot.auction.site_section_id
ack,ads_in_slot.candidate
ack,ads_in_slot.candidate.advertiser_id
ack,ads_in_slot.candidate.bid_status
ack,ads_in_slot.candidate.bidding_buyer_id
ack,ads_in_slot.candidate.bit_flags
ack,ads_in_slot.candidate.brand_id
ack,ads_in_slot.candidate.buyer_group_id
ack,ads_in_slot.candidate.buyer_id
ack,ads_in_slot.candidate.buyer_platform_id
ack,ads_in_slot.candidate.dsp_crid
ack,ads_in_slot.candidate.dsp_currency_id
ack,ads_in_slot.candidate.dsp_id
ack,ads_in_slot.candidate.duration
ack,ads_in_slot.candidate.error
ack,ads_in_slot.candidate.external_ad_id
ack,ads_in_slot.candidate.integration_type
ack,ads_in_slot.candidate.internal_deal_id
ack,ads_in_slot.candidate.internal_seat_id
ack,ads_in_slot.candidate.market_ad_id
ack,ads_in_slot.candidate.trading_desk_id
ack,ads_in_slot.partners
ack,ads_in_slot.partners.asset_id
ack,ads_in_slot.partners.bit_flags
ack,ads_in_slot.partners.content_form_visibility.report_aggregate
ack,ads_in_slot.partners.content_owner_bidding_revenue
ack,ads_in_slot.partners.content_owner_network_id
ack,ads_in_slot.partners.content_rating_visibility.report_aggregate
ack,ads_in_slot.partners.deal_awareability
ack,ads_in_slot.partners.demand_dim_awareability
ack,ads_in_slot.partners.distributor_network_id
ack,ads_in_slot.partners.geo_city_visibility.report_aggregate
ack,ads_in_slot.partners.geo_country_visibility.report_aggregate
ack,ads_in_slot.partners.geo_dma_visibility.report_aggregate
ack,ads_in_slot.partners.geo_state_visibility.report_aggregate
ack,ads_in_slot.partners.geo_visibility.report_aggregate
ack,ads_in_slot.partners.geo_zip_code_visibility.report_aggregate
ack,ads_in_slot.partners.inbound_listing_id
ack,ads_in_slot.partners.inbound_order_auction_type
ack,ads_in_slot.partners.inbound_order_id
ack,ads_in_slot.partners.inbound_order_type
ack,ads_in_slot.partners.matched_audience_item_ids
ack,ads_in_slot.partners.network_id
ack,ads_in_slot.partners.network_is_ad_owner
ack,ads_in_slot.partners.network_is_extra_item_owner
ack,ads_in_slot.partners.outbound_exchange_order_id
ack,ads_in_slot.partners.outbound_listing_id
ack,ads_in_slot.partners.outbound_order_id
ack,ads_in_slot.partners.reseller_network_id
ack,ads_in_slot.partners.role
ack,ads_in_slot.partners.sales_channel
ack,ads_in_slot.partners.series_id
ack,ads_in_slot.partners.site_id
ack,ads_in_slot.partners.site_section_id
ack,ads_in_slot.partners.standard_brand_visibility.report_aggregate
ack,ads_in_slot.partners.standard_channel_visibility.report_aggregate
ack,ads_in_slot.partners.standard_content_daypart_visibility.report_aggregate
ack,ads_in_slot.partners.standard_endpoint_owner_visibility.report_aggregate
ack,ads_in_slot.partners.standard_endpoint_visibility.report_aggregate
ack,ads_in_slot.partners.standard_genre_visibility.report_aggregate
ack,ads_in_slot.partners.standard_language_visibility.report_aggregate
ack,ads_in_slot.partners.standard_programmer_visibility.report_aggregate
ack,ads_in_slot.partners.supply_source
ack,ads_in_slot.partners.tracked_audience_item_ids
ack,ads_in_slot.partners.user_agent_visibility.report_aggregate
ack,advertisement.ad_delivery_method
ack,advertisement.ad_id
ack,advertisement.ad_oo_network_id
ack,advertisement.ad_unit_id
ack,advertisement.advertiser_id
ack,advertisement.agency_id
ack,advertisement.bid_price_to_upstream
ack,advertisement.bit_flags
ack,advertisement.campaign_id
ack,advertisement.creative_id
ack,advertisement.duration
ack,advertisement.error
ack,advertisement.external_reseller
ack,advertisement.external_reseller.network_id
ack,advertisement.external_reseller.revenue
ack,advertisement.extra_flags
ack,advertisement.extra_flags2
ack,advertisement.flags
ack,advertisement.global_advertiser_ids
ack,advertisement.global_brand_ids
ack,advertisement.global_industry_ids
ack,advertisement.inventory_protection_flags
ack,advertisement.io_id
ack,advertisement.is_bumper
ack,advertisement.is_embedded_tracking
ack,advertisement.is_fallback
ack,advertisement.is_sstf_fallback
ack,advertisement.is_undeliverable
ack,advertisement.market_ad_id
ack,advertisement.matched_audience_item_ids
ack,advertisement.placement_id
ack,advertisement.placement_type_priority
ack,advertisement.rendition_id
ack,advertisement.spot_id
ack,auction.app_bundle
ack,auction.auction_network_to_eur_exchange_rate
ack,auction.auction_network_to_usd_exchange_rate
ack,auction.auction_status
ack,auction.bid_throttling_info
ack,auction.bid_throttling_info.exempt_thousandth
ack,auction.bid_throttling_info.flags
ack,auction.bid_throttling_info.model_info.model_flags
ack,auction.bid_throttling_info.model_info.model_id
ack,auction.buyer_group_id
ack,auction.buyer_platform_id
ack,auction.buyer_platform_url_id
ack,auction.device_type
ack,auction.dsp_id
ack,auction.flags
ack,auction.integration_type
ack,auction.invite_deal_size
ack,auction.mkpl_partner_tags.strategy
ack,auction.network_id
ack,auction.publisher_id
ack,auction.site_section_id
ack,candidate.advertiser_id
ack,candidate.bidding_buyer_id
ack,candidate.bit_flags
ack,candidate.brand_id
ack,candidate.buyer_group_id
ack,candidate.buyer_id
ack,candidate.buyer_platform_id
ack,candidate.candidate_network_to_auction_network_exchange_rate
ack,candidate.clearing_price
ack,candidate.dsp_clearing_price
ack,candidate.dsp_crid
ack,candidate.dsp_currency_id
ack,candidate.dsp_id
ack,candidate.duration
ack,candidate.error
ack,candidate.external_ad_id
ack,candidate.integration_type
ack,candidate.internal_deal_id
ack,candidate.internal_group_deal_id
ack,candidate.internal_seat_id
ack,candidate.market_ad_id
ack,candidate.media_buyer_id
ack,candidate.network_id
ack,candidate.order_id
ack,candidate.raw_price
ack,candidate.trading_desk_id
ack,partners
ack,partners.airing_channel_id
ack,partners.airing_id
ack,partners.asset_id
ack,partners.avails_category.avails_in_played_slot
ack,partners.avails_category.opportunity_in_played_slot
ack,partners.avails_category.supply_avails
ack,partners.avails_category.total_avails_in_played_slot
ack,partners.avails_category.total_unfilled_avails_in_played_slot
ack,partners.avails_category.unfilled_avails_in_played_slot
ack,partners.bit_flags
ack,partners.carriage_inventory_owner_id
ack,partners.content_form_visibility.report_aggregate
ack,partners.content_owner_bidding_modified_revenue
ack,partners.content_owner_bidding_original_revenue
ack,partners.content_owner_bidding_revenue
ack,partners.content_owner_network_id
ack,partners.content_owner_revenue
ack,partners.content_rating_visibility.report_aggregate
ack,partners.deal_awareability
ack,partners.demand_dim_awareability
ack,partners.distributor_network_id
ack,partners.distributor_revenue
ack,partners.eligible_outbound_orders.avails_category.opportunity_in_played_slot
ack,partners.eligible_outbound_orders.avails_category.total_avails_in_played_slot
ack,partners.eligible_outbound_orders.avails_category.total_unfilled_avails_in_played_slot
ack,partners.eligible_outbound_orders.bit_flags
ack,partners.eligible_outbound_orders.down_network_id
ack,partners.eligible_outbound_orders.order_id
ack,partners.eligible_outbound_orders.sales_channel
ack,partners.entity_source
ack,partners.geo_city_visibility.report_aggregate
ack,partners.geo_country_visibility.report_aggregate
ack,partners.geo_dma_visibility.report_aggregate
ack,partners.geo_state_visibility.report_aggregate
ack,partners.geo_visibility.report_aggregate
ack,partners.geo_zip_code_visibility.report_aggregate
ack,partners.global_currency_id
ack,partners.inbound_listing_id
ack,partners.inbound_order_auction_type
ack,partners.inbound_order_id
ack,partners.inbound_order_type
ack,partners.matched_audience_item_ids
ack,partners.network_execution_ctx_flags
ack,partners.network_id
ack,partners.network_is_ad_owner
ack,partners.network_is_extra_item_owner
ack,partners.network_selection_info.candidate_ad_funnel_metrics.ad_filling_metrics.companion_check_failed
ack,partners.network_selection_info.candidate_ad_funnel_metrics.ad_filling_metrics.do_not_repeat
ack,partners.network_selection_info.candidate_ad_funnel_metrics.ad_filling_metrics.input_ad_number
ack,partners.network_selection_info.candidate_ad_funnel_metrics.ad_filling_metrics.no_creative
ack,partners.network_selection_info.candidate_ad_funnel_metrics.ad_filling_metrics.pod_position_targeting_check_failed
ack,partners.network_selection_info.candidate_ad_funnel_metrics.ad_filling_metrics.slot_exclusivity_check_failed
ack,partners.network_selection_info.candidate_ad_funnel_metrics.ad_filling_metrics.slot_filled_by_multi_ad
ack,partners.network_selection_info.candidate_ad_funnel_metrics.ad_filling_metrics.slot_max_duration
ack,partners.network_selection_info.candidate_ad_funnel_metrics.ad_filling_metrics.slot_max_num_ads
ack,partners.network_selection_info.candidate_ad_funnel_metrics.ad_filling_metrics.slot_sponsorship_check_failed
ack,partners.network_selection_info.candidate_ad_funnel_metrics.ad_filling_metrics.time_based_freq_cap
ack,partners.network_selection_info.candidate_ad_funnel_metrics.demand_type
ack,partners.network_selection_info.candidate_ad_funnel_metrics.network_id
ack,partners.outbound_exchange_order_id
ack,partners.outbound_listing_id
ack,partners.outbound_order_id
ack,partners.outbound_order_type
ack,partners.programmatic_exchange_rate_to_eur
ack,partners.programmatic_exchange_rate_to_usd
ack,partners.reseller_network_id
ack,partners.reseller_revenue
ack,partners.revenue
ack,partners.role
ack,partners.sales_channel
ack,partners.series_id
ack,partners.site_id
ack,partners.site_section_id
ack,partners.ssp_clearing_revenue
ack,partners.standard_brand_visibility.report_aggregate
ack,partners.standard_channel_visibility.report_aggregate
ack,partners.standard_content_daypart_visibility.report_aggregate
ack,partners.standard_endpoint_owner_visibility.report_aggregate
ack,partners.standard_endpoint_visibility.report_aggregate
ack,partners.standard_genre_visibility.report_aggregate
ack,partners.standard_language_visibility.report_aggregate
ack,partners.standard_programmer_visibility.report_aggregate
ack,partners.supply_acquisition_cost
ack,partners.supply_distribution_cost
ack,partners.supply_source
ack,partners.tracked_audience_item_ids
ack,partners.user_agent_visibility.report_aggregate
ack,request.advertisement_count
ack,request.advertisement_delivered_count
ack,request.bid_request.publisher_id
ack,request.bit_flags
ack,request.context.ab_test_item.bucket_id
ack,request.context.asset_duration
ack,request.context.asset_id
ack,request.context.content_form_id
ack,request.context.content_rating_id
ack,request.context.distributor_site_section_id
ack,request.context.distributor_video_asset_id
ack,request.context.host_name
ack,request.context.inventory_location_id
ack,request.context.ip_enabled_audience_id
ack,request.context.network_id
ack,request.context.page_random
ack,request.context.po_type
ack,request.context.profile_id
ack,request.context.profile_trait.post_selection_external_ad_timeout
ack,request.context.profile_trait.pre_selection_external_ad_timeout
ack,request.context.profile_type
ack,request.context.request_duration
ack,request.context.request_format
ack,request.context.response_format
ack,request.context.site_section_cro_asset_id
ack,request.context.site_section_cro_site_id
ack,request.context.site_section_id
ack,request.context.source_id
ack,request.context.standard_app_bundle_id
ack,request.context.standard_app_id
ack,request.context.standard_brand_id
ack,request.context.standard_channel_id
ack,request.context.standard_content_daypart_id
ack,request.context.standard_endpoint_id
ack,request.context.standard_endpoint_owner_id
ack,request.context.standard_genre_ids
ack,request.context.standard_iab_category_ids
ack,request.context.standard_language_ids
ack,request.context.standard_programmer_id
ack,request.context.standard_publisher_id
ack,request.context.standard_site_domain_id
ack,request.context.standard_ssp_channel_id
ack,request.context.station_id
ack,request.context.stream_id
ack,request.context.stream_mode_id
ack,request.context.tv_network_id
ack,request.context.video_cro_context_id
ack,request.context.video_cro_network_id
ack,request.context.video_cro_site_id
ack,request.context.video_random
ack,request.decision_info.external_bridge.slot_index
ack,request.decision_info.external_bridge.status
ack,request.decision_info.flag1
ack,request.delivery_method
ack,request.extra_flags
ack,request.extra_flags2
ack,request.extra_flags3
ack,request.flags
ack,request.global_currency_version
ack,request.hashed_key_value
ack,request.is_filtered
ack,request.is_ssp_bidder_request
ack,request.linear_capnedit
ack,request.log_sampling.magnifier
ack,request.magnifier
ack,request.mpe_matcher_filters.id
ack,request.mpe_matcher_filters.weight
ack,request.multiplier
ack,request.prebid_sivt
ack,request.prebid_sivt.capnedit
ack,request.prebid_sivt.capnedit.traffic_valid
ack,request.request_prefilter.flag
ack,request.request_throttling_info.exempt_thousandth
ack,request.request_throttling_info.flags
ack,request.request_throttling_info.level
ack,request.server_group
ack,request.server_pool
ack,request.timestamp
ack,request.traffic_type
ack,slot.ad_unit_default_duration
ack,slot.avail_type
ack,slot.avails
ack,slot.carriage_inventory_owner_id
ack,slot.carriage_listing_split_unit_id
ack,slot.flags
ack,slot.index
ack,slot.max_ads
ack,slot.max_duration
ack,slot.normalized_ad_unit_id
ack,slot.num_ads
ack,slot.parent_time_unfilled
ack,slot.sequence
ack,slot.time_position_class
ack,slot.time_unfilled
ack,slot.unfilled_avails
ack,visitor.active_state
ack,visitor.address
ack,visitor.app_bundle_id
ack,visitor.caller
ack,visitor.city_id
ack,visitor.cookie_user_id
ack,visitor.country
ack,visitor.country_id
ack,visitor.device_id
ack,visitor.dma_code
ack,visitor.dma_code_id
ack,visitor.filtration_reason
ack,visitor.internal_address
ack,visitor.operator_zone_id
ack,visitor.peer_address
ack,visitor.platform_group
ack,visitor.postal_code
ack,visitor.referrer
ack,visitor.standard_device_type_child_id
ack,visitor.standard_device_type_ids
ack,visitor.standard_environment_id
ack,visitor.standard_os_id
ack,visitor.state
ack,visitor.state_id
ack,visitor.syscode
ack,visitor.user_agent
ack,visitor.user_agent_device_type
ack,visitor.user_id
ad,advertisement.ad_id
ad,advertisement.ad_oo_network_id
ad,advertisement.ad_unit_id
ad,advertisement.advertiser_id
ad,advertisement.agency_id
ad,advertisement.bid_price_to_upstream
ad,advertisement.bit_flags
ad,advertisement.campaign_id
ad,advertisement.creative_id
ad,advertisement.duration
ad,advertisement.error
ad,advertisement.external_reseller
ad,advertisement.external_reseller.network_id
ad,advertisement.extra_flags
ad,advertisement.extra_flags2
ad,advertisement.flags
ad,advertisement.global_advertiser_ids
ad,advertisement.global_brand_ids
ad,advertisement.global_industry_ids
ad,advertisement.has_candidate
ad,advertisement.inventory_protection_flags
ad,advertisement.io_id
ad,advertisement.is_bumper
ad,advertisement.is_embedded_tracking
ad,advertisement.is_fallback
ad,advertisement.is_sstf_fallback
ad,advertisement.is_undeliverable
ad,advertisement.market_ad_id
ad,advertisement.matched_audience_item_ids
ad,advertisement.placement_id
ad,advertisement.rendition_id
ad,advertisement.spot_id
ad,candidate.advertiser_id
ad,candidate.buyer_group_id
ad,candidate.dsp_id
ad,candidate.error
ad,candidate.integration_type
ad,candidate.internal_deal_id
ad,candidate.market_ad_id
ad,candidate.trading_desk_id
ad,partners
ad,partners.airing_channel_id
ad,partners.asset_id
ad,partners.bit_flags
ad,partners.content_form_visibility.report_aggregate
ad,partners.content_owner_bidding_modified_revenue
ad,partners.content_owner_bidding_original_revenue
ad,partners.content_owner_bidding_revenue
ad,partners.content_owner_network_id
ad,partners.content_owner_revenue
ad,partners.content_rating_visibility.report_aggregate
ad,partners.deal_awareability
ad,partners.demand_dim_awareability
ad,partners.distributor_network_id
ad,partners.distributor_revenue
ad,partners.entity_source
ad,partners.geo_city_visibility.report_aggregate
ad,partners.geo_country_visibility.report_aggregate
ad,partners.geo_dma_visibility.report_aggregate
ad,partners.geo_state_visibility.report_aggregate
ad,partners.geo_visibility.report_aggregate
ad,partners.geo_zip_code_visibility.report_aggregate
ad,partners.global_currency_id
ad,partners.inbound_listing_id
ad,partners.inbound_order_auction_type
ad,partners.inbound_order_id
ad,partners.inbound_order_type
ad,partners.matched_audience_item_ids
ad,partners.network_execution_ctx_flags
ad,partners.network_id
ad,partners.network_is_ad_owner
ad,partners.network_is_extra_item_owner
ad,partners.outbound_exchange_order_id
ad,partners.outbound_listing_id
ad,partners.outbound_order_id
ad,partners.outbound_order_type
ad,partners.reseller_network_id
ad,partners.reseller_revenue
ad,partners.revenue
ad,partners.role
ad,partners.sales_channel
ad,partners.series_id
ad,partners.site_id
ad,partners.site_section_id
ad,partners.standard_brand_visibility.report_aggregate
ad,partners.standard_channel_visibility.report_aggregate
ad,partners.standard_content_daypart_visibility.report_aggregate
ad,partners.standard_endpoint_owner_visibility.report_aggregate
ad,partners.standard_endpoint_visibility.report_aggregate
ad,partners.standard_genre_visibility.report_aggregate
ad,partners.standard_language_visibility.report_aggregate
ad,partners.standard_programmer_visibility.report_aggregate
ad,partners.supply_source
ad,partners.tracked_audience_item_ids
ad,partners.user_agent_visibility.report_aggregate
ad,request.advertisement_count
ad,request.advertisement_delivered_count
ad,request.bid_request.publisher_id
ad,request.bit_flags
ad,request.context.content_form_id
ad,request.context.content_rating_id
ad,request.context.host_name
ad,request.context.inventory_location_id
ad,request.context.ip_enabled_audience_id
ad,request.context.network_id
ad,request.context.po_type
ad,request.context.profile_id
ad,request.context.profile_type
ad,request.context.request_format
ad,request.context.response_format
ad,request.context.site_section_cro_asset_id
ad,request.context.site_section_cro_site_id
ad,request.context.site_section_id
ad,request.context.source_id
ad,request.context.standard_app_bundle_id
ad,request.context.standard_app_id
ad,request.context.standard_brand_id
ad,request.context.standard_channel_id
ad,request.context.standard_content_daypart_id
ad,request.context.standard_endpoint_id
ad,request.context.standard_endpoint_owner_id
ad,request.context.standard_genre_ids
ad,request.context.standard_iab_category_ids
ad,request.context.standard_language_ids
ad,request.context.standard_programmer_id
ad,request.context.standard_publisher_id
ad,request.context.standard_site_domain_id
ad,request.context.standard_ssp_channel_id
ad,request.context.station_id
ad,request.context.stream_id
ad,request.context.stream_mode_id
ad,request.context.tv_network_id
ad,request.context.video_cro_context_id
ad,request.context.video_cro_network_id
ad,request.context.video_cro_site_id
ad,request.decision_info
ad,request.decision_info.value3
ad,request.delivery_method
ad,request.extra_flags
ad,request.extra_flags2
ad,request.extra_flags3
ad,request.flags
ad,request.global_currency_version
ad,request.is_filtered
ad,request.linear_capnedit
ad,request.log_sampling.magnifier
ad,request.magnifier
ad,request.mpe_matcher_filters.id
ad,request.mpe_matcher_filters.weight
ad,request.multiplier
ad,request.prebid_sivt
ad,request.prebid_sivt.capnedit
ad,request.prebid_sivt.capnedit.traffic_valid
ad,request.server_group
ad,request.server_pool
ad,request.timestamp
ad,request.traffic_type
ad,slot.avail_type
ad,slot.flags
ad,slot.max_ads
ad,slot.normalized_ad_unit_id
ad,slot.num_ads
ad,slot.sequence
ad,slot.time_position_class
ad,slot.unfilled_avails
ad,visitor.active_state
ad,visitor.city_id
ad,visitor.country
ad,visitor.country_id
ad,visitor.dma_code
ad,visitor.dma_code_id
ad,visitor.filtration_reason
ad,visitor.operator_zone_id
ad,visitor.postal_code
ad,visitor.standard_device_type_child_id
ad,visitor.standard_device_type_ids
ad,visitor.standard_environment_id
ad,visitor.standard_os_id
ad,visitor.state
ad,visitor.state_id
ad,visitor.syscode
ad,visitor.user_agent_device_type
auction,auction.app_bundle
auction,auction.auction_sampling.magnifier
auction,auction.auction_status
auction,auction.bid_request_count
auction,auction.bid_throttling_info
auction,auction.bid_throttling_info.exempt_thousandth
auction,auction.bid_throttling_info.flags
auction,auction.bid_throttling_info.model_info.model_flags
auction,auction.bid_throttling_info.model_info.model_id
auction,auction.buyer_group_id
auction,auction.buyer_platform_id
auction,auction.buyer_platform_url_id
auction,auction.device_type
auction,auction.dsp_id
auction,auction.error
auction,auction.flags
auction,auction.impression
auction,auction.impression.deals.buyer_group_id
auction,auction.impression.deals.internal_deal_id
auction,auction.impression.equivalent_opportunity_number
auction,auction.impression.index
auction,auction.integration_type
auction,auction.invite_deal_size
auction,auction.is_faked_auction
auction,auction.mkpl_partner_tags.strategy
auction,auction.network_id
auction,auction.publisher_id
auction,auction.series_id
auction,auction.site_id
auction,auction.site_section_id
auction,auction.time_position_class
auction,idx
auction,partners.content_owner_network_id
auction,partners.deal_awareability
auction,partners.entity_source
auction,partners.geo_country_visibility.report_aggregate
auction,partners.inbound_order_id
auction,partners.internal_deal_ids
auction,partners.network_id
auction,partners.outbound_order_ids
auction,partners.reseller_network_id
auction,partners.sales_channel
auction,partners.site_id
auction,partners.site_section_id
auction,partners.standard_brand_visibility.report_aggregate
auction,partners.standard_endpoint_owner_visibility.report_aggregate
auction,partners.standard_endpoint_visibility.report_aggregate
auction,partners.standard_programmer_visibility.report_aggregate
auction,partners.supply_source
auction,partners.supply_source_type
auction,partners.user_agent_visibility.report_aggregate
auction,request.context.network_id
auction,request.context.profile_id
auction,request.context.profile_type
auction,request.context.request_format
auction,request.context.standard_brand_id
auction,request.context.standard_endpoint_id
auction,request.context.standard_endpoint_owner_id
auction,request.context.standard_programmer_id
auction,request.context.video_cro_context_id
auction,request.context.video_cro_network_id
auction,request.delivery_method
auction,request.extra_flags
auction,request.extra_flags2
auction,request.extra_flags3
auction,request.flags
auction,request.is_filtered
auction,request.log_sampling.magnifier
auction,request.magnifier
auction,request.multiplier
auction,request.server_group
auction,request.server_pool
auction,request.timestamp
auction,request.traffic_type
auction,visitor.cookie_user_id
auction,visitor.country_id
auction,visitor.standard_device_type_child_id
auction,visitor.user_agent_device_type
candidate,advertisement.duration
candidate,advertisement.external_reseller
candidate,advertisement.external_reseller.network_id
candidate,advertisement.flags
candidate,advertisement.is_fallback
candidate,auction.auction_status
candidate,auction.bid_throttling_info
candidate,auction.bid_throttling_info.exempt_thousandth
candidate,auction.bid_throttling_info.flags
candidate,auction.bid_throttling_info.model_info.model_flags
candidate,auction.bid_throttling_info.model_info.model_id
candidate,auction.bid_to_usd_exchange_rate
candidate,auction.buyer_group_id
candidate,auction.buyer_platform_url_id
candidate,auction.device_type
candidate,auction.dsp_id
candidate,auction.flags
candidate,auction.integration_type
candidate,auction.invite_deal_size
candidate,auction.mkpl_partner_tags.strategy
candidate,auction.network_id
candidate,auction.site_id
candidate,auction.site_section_id
candidate,auction.time_position_class
candidate,candidate.advertiser_id
candidate,candidate.auction_outbound_listing_id
candidate,candidate.bid_status
candidate,candidate.bidding_buyer_id
candidate,candidate.bit_flags
candidate,candidate.brand_id
candidate,candidate.buyer_group_id
candidate,candidate.buyer_id
candidate,candidate.buyer_platform_id
candidate,candidate.candidate_network_to_auction_network_exchange_rate
candidate,candidate.candidate_network_to_auction_seller_network_exchange_rate
candidate,candidate.cch_key
candidate,candidate.clearing_price
candidate,candidate.dsp_clearing_price
candidate,candidate.dsp_crid
candidate,candidate.dsp_currency_id
candidate,candidate.dsp_id
candidate,candidate.duration
candidate,candidate.error
candidate,candidate.external_ad_id
candidate,candidate.external_seat_id
candidate,candidate.filter_reason.error
candidate,candidate.filter_reason.error_category
candidate,candidate.flags
candidate,candidate.global_advertiser_ids
candidate,candidate.global_brand_ids
candidate,candidate.global_industry_ids
candidate,candidate.integration_type
candidate,candidate.internal_deal_id
candidate,candidate.internal_group_deal_id
candidate,candidate.internal_seat_id
candidate,candidate.market_ad_id
candidate,candidate.network_id
candidate,candidate.order_id
candidate,candidate.original_price
candidate,candidate.raw_price
candidate,candidate.redirect_count
candidate,candidate.trading_desk_id
candidate,partners.bit_flags
candidate,partners.content_form_visibility.report_aggregate
candidate,partners.content_rating_visibility.report_aggregate
candidate,partners.deal_awareability
candidate,partners.entity_source
candidate,partners.geo_city_visibility.report_aggregate
candidate,partners.geo_country_visibility.report_aggregate
candidate,partners.geo_dma_visibility.report_aggregate
candidate,partners.geo_state_visibility.report_aggregate
candidate,partners.geo_zip_code_visibility.report_aggregate
candidate,partners.inbound_listing_id
candidate,partners.inbound_order_id
candidate,partners.network_id
candidate,partners.outbound_listing_id
candidate,partners.outbound_order_type
candidate,partners.reseller_network_id
candidate,partners.sales_channel
candidate,partners.site_id
candidate,partners.site_section_id
candidate,partners.standard_brand_visibility.report_aggregate
candidate,partners.standard_channel_visibility.report_aggregate
candidate,partners.standard_content_daypart_visibility.report_aggregate
candidate,partners.standard_endpoint_owner_visibility.report_aggregate
candidate,partners.standard_endpoint_visibility.report_aggregate
candidate,partners.standard_genre_visibility.report_aggregate
candidate,partners.standard_language_visibility.report_aggregate
candidate,partners.standard_programmer_visibility.report_aggregate
candidate,partners.supply_source
candidate,partners.user_agent_visibility.report_aggregate
candidate,request.bit_flags
candidate,request.context.content_form_id
candidate,request.context.content_rating_id
candidate,request.context.inventory_location_id
candidate,request.context.ip_enabled_audience_id
candidate,request.context.network_id
candidate,request.context.profile_id
candidate,request.context.profile_type
candidate,request.context.request_format
candidate,request.context.standard_brand_id
candidate,request.context.standard_channel_id
candidate,request.context.standard_content_daypart_id
candidate,request.context.standard_endpoint_id
candidate,request.context.standard_endpoint_owner_id
candidate,request.context.standard_genre_ids
candidate,request.context.standard_language_ids
candidate,request.context.standard_programmer_id
candidate,request.context.stream_mode_id
candidate,request.context.transcode_package_id
candidate,request.context.video_cro_context_id
candidate,request.context.video_cro_network_id
candidate,request.delivery_method
candidate,request.extra_flags
candidate,request.extra_flags2
candidate,request.extra_flags3
candidate,request.flags
candidate,request.is_filtered
candidate,request.log_sampling.magnifier
candidate,request.server_group
candidate,request.server_pool
candidate,request.timestamp
candidate,request.traffic_type
candidate,visitor.city_id
candidate,visitor.cookie_user_id
candidate,visitor.country_id
candidate,visitor.dma_code
candidate,visitor.dma_code_id
candidate,visitor.postal_code
candidate,visitor.standard_device_type_child_id
candidate,visitor.standard_environment_id
candidate,visitor.standard_os_id
candidate,visitor.state_id
candidate,visitor.user_agent_device_type
request,execution_networks.content_owner_network_id
request,execution_networks.inbound_listing_id
request,execution_networks.network_execution_ctx_flags
request,execution_networks.network_id
request,execution_networks.network_selection_info.candidate_ad_funnel_metrics.ad_creative_checking_metrics.auction_max_ad_duration
request,execution_networks.network_selection_info.candidate_ad_funnel_metrics.ad_creative_checking_metrics.competition_failure_in_pick_many
request,execution_networks.network_selection_info.candidate_ad_funnel_metrics.ad_creative_checking_metrics.compliance_check_failed
request,execution_networks.network_selection_info.candidate_ad_funnel_metrics.ad_creative_checking_metrics.exclusivity
request,execution_networks.network_selection_info.candidate_ad_funnel_metrics.ad_creative_checking_metrics.floor_price_not_met
request,execution_networks.network_selection_info.candidate_ad_funnel_metrics.ad_creative_checking_metrics.frequency_cap
request,execution_networks.network_selection_info.candidate_ad_funnel_metrics.ad_creative_checking_metrics.inbound_order_competition_failure
request,execution_networks.network_selection_info.candidate_ad_funnel_metrics.ad_creative_checking_metrics.input_ad_number
request,execution_networks.network_selection_info.candidate_ad_funnel_metrics.ad_creative_checking_metrics.inventory_source_restriction
request,execution_networks.network_selection_info.candidate_ad_funnel_metrics.ad_creative_checking_metrics.listing_creative_duration_check_failed
request,execution_networks.network_selection_info.candidate_ad_funnel_metrics.ad_creative_checking_metrics.market_ad_not_approved
request,execution_networks.network_selection_info.candidate_ad_funnel_metrics.ad_creative_checking_metrics.met_yield_optimization
request,execution_networks.network_selection_info.candidate_ad_funnel_metrics.ad_creative_checking_metrics.mpe_listing_restriction
request,execution_networks.network_selection_info.candidate_ad_funnel_metrics.ad_creative_checking_metrics.no_applicable_slot
request,execution_networks.network_selection_info.candidate_ad_funnel_metrics.ad_creative_checking_metrics.no_creative
request,execution_networks.network_selection_info.candidate_ad_funnel_metrics.ad_creative_checking_metrics.no_suitable_rule_path
request,execution_networks.network_selection_info.candidate_ad_funnel_metrics.ad_creative_checking_metrics.pg_deal_bid_throttling
request,execution_networks.network_selection_info.candidate_ad_funnel_metrics.ad_creative_checking_metrics.profile_check_failed
request,execution_networks.network_selection_info.candidate_ad_funnel_metrics.ad_creative_checking_metrics.reseller_restriction
request,execution_networks.network_selection_info.candidate_ad_funnel_metrics.ad_creative_checking_metrics.restriction
request,execution_networks.network_selection_info.candidate_ad_funnel_metrics.ad_creative_checking_metrics.undefined
request,execution_networks.network_selection_info.candidate_ad_funnel_metrics.ad_creative_checking_metrics.unmapped
request,execution_networks.network_selection_info.candidate_ad_funnel_metrics.ad_filling_metrics.input_ad_number
request,execution_networks.network_selection_info.candidate_ad_funnel_metrics.ad_filtering_metrics.cpx_check_failed
request,execution_networks.network_selection_info.candidate_ad_funnel_metrics.ad_filtering_metrics.exclusivity_check_failed
request,execution_networks.network_selection_info.candidate_ad_funnel_metrics.ad_filtering_metrics.frequency_cap
request,execution_networks.network_selection_info.candidate_ad_funnel_metrics.ad_filtering_metrics.input_ad_number
request,execution_networks.network_selection_info.candidate_ad_funnel_metrics.ad_filtering_metrics.met_budget
request,execution_networks.network_selection_info.candidate_ad_funnel_metrics.ad_filtering_metrics.met_schedule
request,execution_networks.network_selection_info.candidate_ad_funnel_metrics.ad_filtering_metrics.met_yield_optimization
request,execution_networks.network_selection_info.candidate_ad_funnel_metrics.ad_filtering_metrics.no_ad_domain
request,execution_networks.network_selection_info.candidate_ad_funnel_metrics.ad_filtering_metrics.no_applicable_slot
request,execution_networks.network_selection_info.candidate_ad_funnel_metrics.ad_filtering_metrics.no_slot_assigned_through_mrm_rule
request,execution_networks.network_selection_info.candidate_ad_funnel_metrics.ad_filtering_metrics.output_ad_number
request,execution_networks.network_selection_info.candidate_ad_funnel_metrics.ad_filtering_metrics.rbp_check_failed
request,execution_networks.network_selection_info.candidate_ad_funnel_metrics.ad_filtering_metrics.sponsorship_check_failed
request,execution_networks.network_selection_info.candidate_ad_funnel_metrics.ad_filtering_metrics.undefined
request,execution_networks.network_selection_info.candidate_ad_funnel_metrics.ad_filtering_metrics.unmapped
request,execution_networks.network_selection_info.candidate_ad_funnel_metrics.ad_targeting_metrics.data_privacy
request,execution_networks.network_selection_info.candidate_ad_funnel_metrics.ad_targeting_metrics.input_ad_number
request,execution_networks.network_selection_info.candidate_ad_funnel_metrics.ad_targeting_metrics.output_ad_number
request,execution_networks.network_selection_info.candidate_ad_funnel_metrics.ad_targeting_metrics.restriction
request,execution_networks.network_selection_info.candidate_ad_funnel_metrics.ad_targeting_metrics.undefined
request,execution_networks.network_selection_info.candidate_ad_funnel_metrics.ad_targeting_metrics.unmapped
request,execution_networks.network_selection_info.candidate_ad_funnel_metrics.demand_type
request,execution_networks.network_selection_info.candidate_ad_funnel_metrics.network_id
request,execution_networks.role
request,execution_networks.site_section_id
request,execution_networks.supply_source
request,inventory.asset_chain
request,inventory.asset_chain.bit_flags
request,inventory.asset_chain.content_owner_network_id
request,inventory.asset_chain.distributor_network_id
request,inventory.asset_chain.network_id
request,inventory.asset_chain.role
request,inventory.asset_chain.site_section_id
request,inventory.site_section_chain
request,inventory.site_section_chain.bit_flags
request,inventory.site_section_chain.content_owner_network_id
request,inventory.site_section_chain.distributor_network_id
request,inventory.site_section_chain.network_id
request,inventory.site_section_chain.role
request,inventory.site_section_chain.site_section_id
request,request.advertisement_count
request,request.advertisement_delivered_count
request,request.bid_request.impression.deal
request,request.bid_request.impression.floor
request,request.bid_request.impression.private_auction
request,request.bit_flags
request,request.context.ab_test_item.bucket_id
request,request.context.asset_duration
request,request.context.asset_id
request,request.context.content_form_id
request,request.context.content_rating_id
request,request.context.distributor_site_section_id
request,request.context.distributor_video_asset_id
request,request.context.host_name
request,request.context.inventory_location_id
request,request.context.ip_enabled_audience_id
request,request.context.network_id
request,request.context.page_random
request,request.context.profile_id
request,request.context.profile_trait.post_selection_external_ad_timeout
request,request.context.profile_trait.pre_selection_external_ad_timeout
request,request.context.profile_type
request,request.context.request_duration
request,request.context.request_format
request,request.context.response_format
request,request.context.site_section_cro_asset_id
request,request.context.site_section_id
request,request.context.standard_app_bundle_id
request,request.context.standard_app_id
request,request.context.standard_brand_id
request,request.context.standard_channel_id
request,request.context.standard_content_daypart_id
request,request.context.standard_endpoint_id
request,request.context.standard_endpoint_owner_id
request,request.context.standard_genre_ids
request,request.context.standard_iab_category_ids
request,request.context.standard_language_ids
request,request.context.standard_programmer_id
request,request.context.standard_publisher_id
request,request.context.standard_site_domain_id
request,request.context.standard_ssp_channel_id
request,request.context.stream_mode_id
request,request.context.video_cro_network_id
request,request.context.video_random
request,request.decision_info.flag4
request,request.decision_info.value3
request,request.decision_info.value4
request,request.decision_info.value5
request,request.decision_info.value6
request,request.decision_info.value7
request,request.delivery_method
request,request.extra_flags
request,request.extra_flags2
request,request.extra_flags3
request,request.flags
request,request.global_currency_version
request,request.hashed_key_value
request,request.is_filtered
request,request.log_sampling.magnifier
request,request.magnifier
request,request.mpe_matcher_filters.id
request,request.mpe_matcher_filters.weight
request,request.multiplier
request,request.prebid_sivt.gateway_response
request,request.prebid_sivt.whiteops
request,request.prebid_sivt.whiteops.invalid_reason
request,request.request.context.network_id
request,request.request_prefilter.flag
request,request.request_throttling_info.exempt_thousandth
request,request.request_throttling_info.flags
request,request.request_throttling_info.level
request,request.server_group
request,request.server_id
request,request.server_pool
request,request.time_record.total
request,request.timestamp
request,request.traffic_type
request,request.yield_optimization_ids.demand_id
request,request.yield_optimization_ids.demand_type
request,request.yield_optimization_ids.optimization_ids
request,request_info.raw_brands
request,request_info.raw_channels
request,request_info.slot_ad_unit_ids
request,request_info.slot_time_position_classes
request,visitor.address
request,visitor.app_bundle_id
request,visitor.caller
request,visitor.city_id
request,visitor.country
request,visitor.country_id
request,visitor.device_id
request,visitor.dma_code
request,visitor.dma_code_id
request,visitor.filtration_reason
request,visitor.internal_address
request,visitor.peer_address
request,visitor.platform_group
request,visitor.postal_code
request,visitor.referrer
request,visitor.standard_device_type_child_id
request,visitor.standard_environment_id
request,visitor.standard_os_id
request,visitor.state
request,visitor.state_id
request,visitor.user_agent
request,visitor.user_agent_device_type
request,visitor.user_id
slot,partners.avails_category.avails
slot,partners.avails_category.distinct_inventory_avails
slot,partners.avails_category.supply_avails
slot,partners.avails_category.total_avails
slot,partners.bit_flags
slot,partners.content_owner_bidding_revenue
slot,partners.content_owner_network_id
slot,partners.distributor_network_id
slot,partners.inbound_listing_id
slot,partners.inbound_order_id
slot,partners.inbound_order_type
slot,partners.network_id
slot,partners.network_is_ad_owner
slot,partners.network_selection_info.candidate_ad_funnel_metrics.ad_filling_metrics.companion_check_failed
slot,partners.network_selection_info.candidate_ad_funnel_metrics.ad_filling_metrics.do_not_repeat
slot,partners.network_selection_info.candidate_ad_funnel_metrics.ad_filling_metrics.input_ad_number
slot,partners.network_selection_info.candidate_ad_funnel_metrics.ad_filling_metrics.no_creative
slot,partners.network_selection_info.candidate_ad_funnel_metrics.ad_filling_metrics.pod_position_targeting_check_failed
slot,partners.network_selection_info.candidate_ad_funnel_metrics.ad_filling_metrics.slot_exclusivity_check_failed
slot,partners.network_selection_info.candidate_ad_funnel_metrics.ad_filling_metrics.slot_filled_by_multi_ad
slot,partners.network_selection_info.candidate_ad_funnel_metrics.ad_filling_metrics.slot_max_duration
slot,partners.network_selection_info.candidate_ad_funnel_metrics.ad_filling_metrics.slot_max_num_ads
slot,partners.network_selection_info.candidate_ad_funnel_metrics.ad_filling_metrics.slot_sponsorship_check_failed
slot,partners.network_selection_info.candidate_ad_funnel_metrics.ad_filling_metrics.time_based_freq_cap
slot,partners.network_selection_info.candidate_ad_funnel_metrics.demand_type
slot,partners.network_selection_info.candidate_ad_funnel_metrics.network_id
slot,partners.role
slot,partners.site_section_id
slot,partners.supply_source
slot,request.advertisement_count
slot,request.advertisement_delivered_count
slot,request.context.network_id
slot,request.context.profile_id
slot,request.context.profile_type
slot,request.context.request_format
slot,request.context.site_section_cro_site_id
slot,request.context.site_section_id
slot,request.context.standard_app_bundle_id
slot,request.context.standard_brand_id
slot,request.context.standard_channel_id
slot,request.context.standard_endpoint_id
slot,request.context.standard_endpoint_owner_id
slot,request.context.standard_genre_ids
slot,request.context.standard_iab_category_ids
slot,request.context.standard_language_ids
slot,request.context.standard_programmer_id
slot,request.context.video_cro_network_id
slot,request.decision_info.external_bridge.slot_index
slot,request.decision_info.external_bridge.status
slot,request.delivery_method
slot,request.extra_flags
slot,request.extra_flags2
slot,request.extra_flags3
slot,request.flags
slot,request.is_filtered
slot,request.log_sampling.magnifier
slot,request.magnifier
slot,request.multiplier
slot,request.server_group
slot,request.server_pool
slot,request.timestamp
slot,request.traffic_type
slot,slot.ad_unit_default_duration
slot,slot.avails
slot,slot.carriage_inventory_owner_id
slot,slot.carriage_listing_split_unit_id
slot,slot.flags
slot,slot.index
slot,slot.max_ads
slot,slot.max_duration
slot,slot.normalized_ad_unit_id
slot,slot.num_ads
slot,slot.parent_time_unfilled
slot,slot.sequence
slot,slot.time_position_class
slot,slot.time_unfilled
slot,slot.unfilled_avails
slot,visitor.country_id
slot,visitor.standard_device_type_child_id
slot,visitor.standard_device_type_ids
slot,visitor.standard_environment_id
slot,visitor.standard_os_id
slot,visitor.user_agent_device_type
transaction,acks
transaction,acks.kafka_msg_size
transaction,acks.metrics.ad_impression
transaction,request.advertisement_count
transaction,request.audience_flags
transaction,request.context.asset_chain.content_right_owner.airing_channel_id
transaction,request.context.asset_chain.content_right_owner.context_id
transaction,request.context.asset_chain.content_right_owner.site_id
transaction,request.context.host_name
transaction,request.context.linear_break_source
transaction,request.context.network_id
transaction,request.context.po_type
transaction,request.context.profile_id
transaction,request.context.request_format
transaction,request.context.site_section_chain.content_right_owner.asset_id
transaction,request.context.site_section_chain.content_right_owner.site_id
transaction,request.context.site_section_cro_asset_id
transaction,request.context.source_id
transaction,request.context.station_id
transaction,request.context.stream_id
transaction,request.context.tv_network_id
transaction,request.context.video_cro_context_id
transaction,request.context.video_cro_network_id
transaction,request.decision_info.flag1
transaction,request.decision_info.flag2
transaction,request.decision_info.flag3
transaction,request.decision_info.flag4
transaction,request.decision_info.value10
transaction,request.decision_info.value11
transaction,request.decision_info.value12
transaction,request.decision_info.value9
transaction,request.delivery_method
transaction,request.errors.ad_id
transaction,request.errors.code
transaction,request.errors.domain
transaction,request.errors.network_id
transaction,request.errors.partner
transaction,request.errors.type
transaction,request.external_bridge_records.duration
transaction,request.external_bridge_records.error
transaction,request.external_bridge_records.flags
transaction,request.external_bridge_records.http_status_code
transaction,request.external_bridge_records.slot_index
transaction,request.external_candidate_ad.ad_id
transaction,request.extra_flags
transaction,request.extra_flags2
transaction,request.extra_flags3
transaction,request.flags
transaction,request.is_first_request
transaction,request.kafka_msg_key
transaction,request.kafka_msg_size
transaction,request.linear_capnedit
transaction,request.log_sampling.magnifier
transaction,request.prebid_sivt
transaction,request.prebid_sivt.capnedit
transaction,request.prebid_sivt.capnedit.invalid_reason
transaction,request.prebid_sivt.capnedit.traffic_valid
transaction,request.privacy_info.compliance_flag
transaction,request.rtb_auction.index
transaction,request.server_group
transaction,request.server_pool
transaction,request.slots.carriage_inventory_owner_id
transaction,request.slots.carriage_listing_split_unit_id
transaction,request.slots.environment
transaction,request.slots.flags
transaction,request.slots.time_position_class
transaction,request.time_record.total
transaction,request.timestamp
transaction,request.userdb_audience_user_info.bg_alias_growth_ratio
transaction,request.visitor.active_state
transaction,request.visitor.country
transaction,request.visitor.country_id
transaction,request.visitor.device_type
transaction,request.visitor.dma_code
transaction,request.visitor.dma_code_id
transaction,request.visitor.filtration_reason
transaction,request.visitor.household_id
transaction,request.visitor.operator_zone_id
transaction,request.visitor.state
transaction,request.visitor.state_id
transaction,request.visitor.syscode
transaction,request.visitor.universal_hhid
transaction,request.visitor.user_agent_device_type